,SalePrice,OverallQual,GrLivArea,GarageCars,GarageArea,TotalBsmtSF,FullBath
0,12.24769911637256,7,1710,2,548,856,2
1,12.109016442313738,6,1262,2,460,1262,2
2,12.317171167298682,7,1786,2,608,920,2
3,11.849404844423074,7,1717,3,642,756,1
4,12.429220196836383,8,2198,3,836,1145,2
5,11.870606902224587,5,1362,2,480,796,1
6,12.634606283893019,8,1694,2,636,1686,2
7,12.206077645517674,7,2090,2,484,1107,2
8,11.774527900858468,7,1774,2,468,952,2
9,11.678448377988165,5,1077,1,205,991,1
10,11.771443882099637,5,1040,1,384,1040,1
12,11.87757552297847,5,912,1,352,912,1
13,12.540761149388421,7,1494,3,840,1494,2
14,11.964007453736912,6,1253,1,352,1253,1
15,11.790564777297387,7,854,2,576,832,1
16,11.91170829631447,6,1004,2,480,1004,1
17,11.407576060361786,4,1296,2,516,0,2
18,11.976665770490767,5,1114,2,576,1114,1
19,11.842236406331555,5,1339,1,294,1029,1
20,12.692506186542177,8,2376,3,853,1158,3
21,11.845109950883979,7,1108,1,280,637,1
22,12.345838935721968,8,1795,2,534,1777,2
23,11.774527900858468,5,1060,2,572,1040,1
24,11.944714374881176,5,1060,1,270,1060,1
25,12.454107814022272,8,1600,3,890,1566,2
26,11.811554895830454,5,900,2,576,900,1
27,12.631343648903034,8,1704,3,772,1704,2
28,12.242891437918386,5,1600,1,319,1484,1
31,11.914054519303125,5,1228,1,271,1228,1
32,12.100161978566867,8,1234,2,484,1234,2
33,12.016732516077072,5,1700,2,447,1398,1
34,12.533579815765737,9,1561,2,556,1561,2
35,12.6410997921206,8,2452,3,691,1117,3
36,11.884495917930655,5,1097,2,672,1097,1
37,11.938199736300925,5,1297,2,498,1297,1
38,11.599112335481124,5,1057,1,246,1057,1
40,11.982935344196433,6,1324,2,440,1088,2
41,12.04355959836804,5,1328,1,308,1350,1
42,11.87757552297847,5,884,2,504,840,1
43,11.777218637129327,5,938,1,308,938,1
44,11.856522261533737,5,1150,1,300,1150,1
45,12.675766851909591,9,1752,2,576,1752,2
46,12.387089184491993,7,2149,2,670,1434,1
47,12.428019481065613,8,1656,3,826,1656,2
48,11.635151947212842,4,1452,0,0,736,2
49,11.751950239425476,5,955,1,386,955,1
50,12.083910661257521,6,1470,2,388,794,2
51,11.648338835562747,6,1176,2,528,816,1
52,11.608244735642321,5,816,2,516,816,1
54,11.775297421715827,5,1360,2,572,384,1
55,12.103491596905931,6,1425,2,576,1425,2
56,12.058158312538197,8,1739,2,480,970,2
57,12.188422799337028,7,1720,2,565,860,2
59,11.735276702486741,5,780,1,352,780,1
60,11.970356641102999,6,1158,2,576,1158,1
61,11.522885696764481,5,1111,1,288,530,1
62,12.218500103788143,8,1370,2,484,1370,2
63,11.849404844423074,7,1710,2,480,576,2
64,12.299112067295642,7,2034,2,645,1057,2
65,12.666660207428574,8,2473,3,852,1143,2
66,12.100717685412471,7,2207,2,576,1947,2
67,12.328294703023394,7,1479,2,558,1453,2
69,12.323860125621126,7,2287,2,667,1304,2
70,12.404927602627597,7,2223,2,516,2223,2
71,11.771443882099637,4,845,2,360,845,1
72,12.128116509451258,7,1718,2,427,832,2
73,11.88380602959621,5,1086,2,490,1086,1
74,11.58432477200052,3,1605,1,379,840,2
75,11.418625774449598,4,988,1,297,462,1
76,11.818577604251555,4,952,1,283,952,1
77,11.751950239425476,5,1285,1,240,672,1
78,11.824087219587643,4,1768,0,0,1768,2
79,11.608244735642321,5,1230,2,440,440,1
80,12.173037959397275,6,2142,1,509,896,2
81,11.941462360646149,6,1337,2,405,1237,2
82,12.409017571151187,8,1563,3,758,1563,2
83,11.748005492256807,5,1065,2,461,1065,1
84,12.034696963475044,7,1474,2,400,384,2
85,12.468440756144114,8,2417,2,462,1288,2
86,12.066816325306588,6,1560,2,400,684,2
87,12.010671928196443,6,1224,2,528,612,2
89,11.724813914587886,4,990,0,0,990,1
90,11.60733523953139,4,1040,2,420,0,1
91,11.498836682527127,5,1235,2,480,1235,1
92,12.004574385508691,5,964,2,432,876,1
93,11.804855999911272,6,2291,2,506,1214,2
94,12.229549885708273,6,1786,2,684,824,2
95,12.128116509451258,6,1470,2,420,680,2
96,12.273735966890268,7,1588,2,472,1588,2
97,11.459007676978688,4,960,1,432,960,1
99,11.767187766223199,4,1225,0,0,950,1
100,12.230770136157428,6,1610,2,480,1610,2
101,12.08954444723597,6,1732,2,476,741,2
102,11.68658461118553,5,1535,2,410,0,2
103,12.200562492481511,7,1226,3,740,1226,2
104,12.040614105490253,7,1818,1,240,1040,1
105,12.429220196836383,8,1992,2,648,1053,2
106,11.51293546492023,4,1047,1,273,641,1
107,11.652696102959753,5,789,1,250,789,1
108,11.652696102959753,5,1517,0,0,793,2
109,12.154784614286667,6,1844,2,546,1844,2
110,11.827013315851762,6,1855,1,325,994,2
111,12.100717685412471,7,1430,2,400,384,2
113,12.28765724080691,6,2259,2,450,1809,2
114,12.466515835145202,6,2320,1,180,1028,2
115,12.07824495582233,6,1458,2,440,729,2
116,11.842236406331555,5,1092,1,288,1092,1
117,11.951186847493476,5,1125,2,430,1125,1
118,12.676079399771027,7,3222,3,594,1673,3
119,12.0075668272517,6,1456,2,390,728,2
120,12.100717685412471,6,988,2,540,938,1
121,11.51293546492023,4,1123,1,264,732,1
122,11.820417517632333,6,1080,1,288,1080,1
123,11.944064817531656,6,1199,2,530,1199,2
124,12.10625783509458,6,1586,2,435,1362,2
126,11.759793355371237,6,958,2,440,1078,2
128,11.951186847493476,6,1348,2,453,660,1
129,11.918397239722838,5,1053,2,750,1008,1
130,12.328294703023394,7,2157,2,487,924,2
131,12.404927602627597,6,2054,2,390,992,2
132,11.923384748066601,5,1327,2,624,1063,1
133,12.301387370778713,8,1296,2,471,1267,2
134,12.100717685412471,5,1721,2,440,1461,2
135,12.066816325306588,7,1682,2,530,1304,2
136,11.870606902224587,5,1214,1,318,1214,2
137,12.049424683420915,7,1959,3,766,1907,3
138,12.345838935721968,8,1852,3,660,1004,2
139,12.352339472153524,6,1764,2,470,928,2
140,11.652696102959753,4,864,0,0,864,1
141,12.468440756144114,7,1734,2,660,1734,2
142,12.019749091416921,5,1385,2,720,910,2
143,12.225880174775122,7,1501,2,577,1490,2
144,11.736077016252437,5,1728,2,504,1728,2
145,11.775297421715827,6,1709,2,380,970,2
146,11.561725152903833,5,875,1,180,715,1
147,12.312686874960354,7,2035,2,434,884,2
148,11.856522261533737,7,1080,0,0,1080,1
149,11.652696102959753,5,1344,1,240,896,1
150,11.711784520403112,5,969,2,440,969,1
152,12.154784614286667,6,1993,2,495,825,2
153,12.367345048436391,6,1252,2,564,1602,1
154,11.736077016252437,6,1200,1,312,1200,1
156,11.603688960617083,5,1040,2,625,0,1
157,12.504327379899443,8,1968,3,680,774,2
158,12.448630513463613,7,1947,2,678,991,2
159,12.676079399771027,7,2462,2,576,1392,2
160,11.998439434579149,6,1232,2,516,1232,2
162,12.301387370778713,7,1541,2,532,1541,2
163,11.544433821905134,4,882,0,0,882,1
164,11.931642378754141,6,1616,1,216,1149,2
165,11.755879486687116,5,1355,0,0,644,2
166,12.154784614286667,5,1867,1,303,1617,1
167,12.693501691489768,8,2161,3,789,1582,1
168,12.119975396053194,7,1720,2,440,840,2
169,12.337105293891872,8,1707,2,511,1686,2
170,11.763691965388299,5,1382,2,660,720,1
171,12.278397958261774,6,1656,2,528,1080,1
172,12.384223015005313,7,1767,2,504,1064,2
173,12.001511614739405,6,1362,2,504,1362,1
174,12.122696471358964,6,1651,2,616,1606,2
175,12.400820837540556,6,2158,2,576,1202,2
176,12.259618151783465,6,2060,2,521,1151,2
177,12.058158312538197,5,1920,2,451,1052,2
179,11.51293546492023,5,968,2,480,968,1
180,12.083910661257521,6,1525,2,440,756,2
181,12.206577518060588,7,1802,1,216,793,1
182,11.695255355062795,5,1340,1,252,0,1
183,12.206077645517674,7,2082,2,484,1362,2
184,11.751950239425476,5,1252,2,576,504,1
186,12.06105265381003,7,1217,2,497,1188,2
187,11.813037464800539,5,1656,1,180,660,2
188,11.940399914116648,5,1224,2,528,1086,0
189,12.563750586299374,8,1593,2,682,1593,1
190,12.660331092405906,8,2727,2,440,853,2
191,12.122696471358964,7,1479,2,484,725,1
192,12.165255859329688,7,1431,2,666,1431,2
193,11.775297421715827,7,1709,2,380,970,2
194,11.751950239425476,5,864,1,352,864,1
195,11.908346971208951,6,1456,2,440,855,2
196,12.650351332641707,7,1726,3,786,1726,2
197,12.367345048436391,8,3112,2,795,1360,2
198,11.552155793461898,6,2229,0,0,755,1
199,12.524166311833152,8,1713,3,856,1713,2
200,11.849404844423074,4,1121,2,440,1121,2
201,12.052344376474922,6,1279,2,473,1196,2
202,11.626263078808801,6,1310,1,398,617,2
203,11.91170829631447,6,848,2,420,848,1
204,11.608244735642321,5,1284,1,240,720,1
205,12.103491596905931,7,1442,2,500,1424,2
206,11.87688084212164,5,1696,1,349,1140,1
207,11.856522261533737,4,1100,1,312,1100,1
208,12.531776395271262,7,2062,2,454,1157,2
209,11.884495917930655,6,1092,2,504,1092,1
210,11.49273296168228,5,864,0,0,864,1
211,12.133507329024972,6,1212,2,460,1212,2
212,12.439875187430008,7,1852,2,644,900,2
213,11.957617696467539,5,990,2,576,990,1
214,11.993813394724253,6,1392,1,299,689,1
215,11.808955099378537,5,1236,1,447,1070,1
216,12.25486757159303,7,1436,2,484,1436,2
217,11.580593459194764,4,1328,1,210,686,1
218,12.649157827477366,7,1954,2,431,798,1
219,12.027191164883384,7,1248,2,438,1248,2
220,12.230282214644559,7,1498,2,675,1498,2
221,12.206077645517674,6,2267,2,390,1010,2
222,12.100161978566867,6,1552,2,434,713,2
223,11.48247656671073,4,864,2,576,864,1
225,11.626263078808801,5,1302,1,280,630,2
226,12.577639650232573,7,2520,3,721,1203,2
227,11.571203807011969,6,987,1,280,483,1
228,11.736077016252437,5,912,1,336,912,1
229,12.167856627501678,7,1555,2,430,1373,2
230,11.904974309480183,6,1194,1,312,1194,1
232,11.456365695436427,6,987,1,288,483,1
233,11.761354623750297,5,894,1,308,894,1
234,12.285350445351659,6,1960,2,440,860,2
235,11.402005077384885,6,987,1,264,483,1
236,12.130815551850676,7,1414,2,494,1414,2
237,12.178192583415596,7,1744,2,457,996,2
238,12.669809806411457,8,1694,3,818,1694,2
239,11.635151947212842,6,1487,1,220,735,1
240,12.47801017053037,8,1566,2,750,1566,2
241,11.612779849672751,5,866,0,0,686,1
243,11.695255355062795,6,1217,1,288,626,1
244,12.230770136157428,7,2110,2,463,948,2
245,12.394628892852941,7,1872,2,604,1845,2
246,11.827743504053695,6,1928,1,440,1020,2
247,11.849404844423074,6,1375,2,451,1367,1
248,12.100717685412471,7,1668,2,500,840,2
249,12.531776395271262,6,2144,2,389,1444,2
251,12.367345048436391,8,1625,2,538,1573,2
252,12.06105265381003,6,1640,2,520,798,2
253,11.970356641102999,6,1302,1,309,1302,2
254,11.884495917930655,5,1314,1,294,1314,1
255,12.345838935721968,7,2291,2,429,975,2
256,12.242891437918386,6,1728,2,673,864,2
257,12.301387370778713,7,1604,2,660,1604,2
258,12.352339472153524,7,1792,2,564,963,2
259,11.48247656671073,5,882,1,308,0,1
260,12.07824495582233,6,1382,2,884,1362,1
261,12.52815976788113,8,2574,3,868,1482,2
262,11.92504173829169,6,1212,2,492,506,1
263,11.775297421715827,5,1316,2,484,926,1
265,12.075400019877522,6,1422,2,576,1422,2
266,12.128116509451258,6,1511,2,413,802,2
267,12.097936057925594,5,2192,1,240,720,2
268,11.699413330633599,5,778,1,924,740,1
269,11.904974309480183,6,1113,1,504,1143,1
270,12.491255347155265,8,1939,3,1053,1095,2
271,12.394628892852941,7,1363,2,439,1385,1
272,12.577639650232573,8,2270,3,671,1152,2
273,11.842236406331555,6,1632,1,338,1240,2
274,11.732069026983156,5,816,1,264,816,1
275,12.230770136157428,7,1548,2,672,952,2
276,12.211065162153215,7,1560,2,573,1560,2
277,11.856522261533737,4,864,2,400,864,1
279,12.165255859329688,7,2022,2,505,1160,2
280,12.339295865674435,7,1982,2,575,807,2
281,12.128116509451258,6,1262,2,572,1262,2
282,12.242891437918386,7,1314,2,626,1314,2
283,12.407383590534293,8,1468,3,898,1468,2
284,12.09626335986454,6,1575,2,529,1575,2
285,12.011886987792716,7,1250,2,528,625,2
286,11.976665770490767,6,1734,2,440,912,1
288,11.711784520403112,5,900,1,280,882,1
289,11.941950837487406,6,1396,1,384,698,1
290,12.359784657728284,8,1919,2,685,1079,2
291,11.819681958463892,5,1716,0,0,780,2
292,11.782960235741939,5,1716,1,281,768,1
293,12.367345048436391,7,2263,2,539,795,2
294,12.025755079404917,6,1644,2,418,1416,1
295,11.86710429621008,6,1003,2,588,1003,1
296,11.931642378754141,5,1558,1,282,910,1
297,12.384223015005313,7,1950,2,576,975,2
298,12.07254696717504,6,1743,2,539,702,1
299,11.973516181427835,6,1152,1,300,1092,1
300,11.964007453736912,5,1336,1,375,1165,1
301,12.495007682693725,8,2452,2,683,1028,2
302,12.230770136157428,7,1541,3,843,1541,2
303,11.917730355182513,5,894,2,552,894,1
304,12.59473402514672,7,3493,3,870,1470,3
305,12.631016799175821,8,2000,3,888,2000,2
306,12.323860125621126,7,2243,3,746,700,2
307,11.402005077384885,6,1406,0,0,319,1
310,12.017336559562407,6,1501,2,420,697,2
311,11.790564777297387,6,972,1,240,972,1
312,11.694421681264394,5,1118,2,410,793,1
314,12.08954444723597,7,1641,2,546,728,1
315,12.146858590895919,7,1432,2,432,716,2
316,12.468440756144114,7,2353,2,484,845,2
317,12.506180941677357,8,1959,3,1025,1088,2
318,12.468440756144114,7,2646,3,656,1347,2
319,12.141539457711714,7,1472,2,588,1372,2
322,12.614868865984631,7,2730,2,576,1502,2
323,11.745433036677353,3,1163,1,220,1162,1
324,12.396697137361691,7,2978,2,564,710,2
326,12.688501881189456,8,1719,2,473,1719,1
327,11.886218559372042,6,1383,1,292,1383,1
328,12.276069679344003,6,2134,2,441,844,2
330,11.686887175419702,5,1728,1,352,1728,2
331,11.842236406331555,5,1056,1,308,1056,1
332,12.556733038263905,8,1629,3,880,3206,2
333,12.240478903153711,7,1358,2,484,1358,2
334,12.165255859329688,6,1638,2,472,943,2
335,12.34126328584159,5,1786,2,529,1499,2
337,12.273735966890268,7,1536,2,532,1536,2
338,12.218500103788143,7,1621,2,440,1208,2
339,11.951186847493476,6,1215,1,297,1215,1
340,12.220473454337986,8,1908,2,431,967,2
343,12.491255347155265,9,1684,2,564,1684,2
345,11.850832386224807,6,1577,1,312,972,1
346,11.928347504569842,6,958,1,301,958,1
347,11.967187086434018,6,1478,2,498,1478,2
348,11.944714374881176,7,1626,2,474,764,2
350,12.670001611311875,9,1869,2,617,1869,2
351,12.154784614286667,7,1453,2,445,1453,1
352,11.461642696843066,5,1111,1,200,616,1
353,11.570259974415547,6,720,2,484,624,1
354,11.849404844423074,6,1595,1,240,940,1
355,12.086731521684555,6,1200,2,521,1200,2
356,12.06105265381003,6,1167,2,400,1158,2
357,11.80560254159177,5,1142,2,528,1142,1
358,11.775297421715827,5,1352,1,288,1062,1
359,12.54254845357358,8,1924,2,592,1086,2
360,11.957617696467539,6,912,2,470,888,1
361,11.884495917930655,5,1505,1,240,883,1
362,12.198549416880068,7,1922,2,672,0,3
363,11.678448377988165,6,987,1,264,483,1
364,12.154784614286667,6,1574,2,566,796,2
365,11.898194668458823,5,1344,1,468,672,1
366,11.976665770490767,6,1394,2,514,1394,1
367,12.013706813470414,6,1431,1,296,1099,1
368,11.790564777297387,5,1268,1,244,1268,1
369,11.995357787034976,5,1287,2,576,1063,1
370,12.057578437658945,6,1664,2,460,953,2
371,11.808821212646512,4,1588,2,680,0,2
372,11.736077016252437,6,752,1,264,744,1
373,11.719947764402807,5,1319,1,270,608,1
374,12.299112067295642,7,1928,2,434,847,2
376,11.904974309480183,5,914,2,576,870,1
379,12.095146671399466,6,1800,2,463,982,2
380,11.751950239425476,5,1691,1,308,1026,2
381,12.142871895843887,7,1301,2,572,1293,2
382,12.271396795480596,7,1797,2,639,939,2
384,12.388398368982115,6,1953,2,501,1580,2
385,12.165255859329688,8,1269,2,430,1256,2
387,11.736077016252437,6,1125,1,352,1041,1
388,12.160033942617156,7,1479,2,577,1468,2
390,11.686887175419702,5,1367,1,384,861,1
391,12.278397958261774,6,1961,2,560,804,2
392,11.575909653758895,5,882,1,294,0,1
393,11.51293546492023,4,788,0,0,788,1
394,11.599112335481124,5,1034,1,240,735,1
395,11.767575435251748,5,1144,1,596,1144,1
396,11.719947764402807,5,894,2,600,894,1
397,12.040614105490253,5,1812,1,264,864,2
399,12.392556361841777,7,1550,2,438,1092,2
400,12.411056299528171,8,1288,2,500,1260,1
401,12.013646205940514,7,1310,2,400,1310,2
402,11.58989576532275,5,672,1,240,672,1
403,12.460718739865236,8,2263,2,420,1141,2
404,12.031725210748633,6,1572,2,373,806,2
405,11.918397239722838,4,1620,2,490,1281,2
406,11.652696102959753,6,1639,1,240,1064,1
407,12.083910661257521,6,1680,1,308,840,2
408,12.54254845357358,7,2172,3,947,1063,2
411,11.884495917930655,5,1056,2,572,1056,1
412,12.310437165348775,7,1478,2,484,1470,2
413,11.652696102959753,5,1028,2,360,1008,1
414,12.337105293891872,7,2097,3,678,1080,2
415,12.106997888588934,7,1340,2,396,1340,2
416,11.915058360753719,6,1400,2,440,672,1
417,12.384223015005313,6,2624,3,864,1370,2
418,11.744045122410057,5,1134,1,240,756,1
419,11.863589378812122,5,1056,1,304,1056,1
420,12.237091546357338,7,1344,4,784,1344,2
421,12.278397958261774,6,1602,2,529,1602,2
422,11.635151947212842,5,988,2,520,988,1
423,12.660331092405906,8,2630,3,696,1470,2
424,11.842236406331555,6,1196,1,297,1196,1
425,11.813037464800539,7,1389,1,240,651,1
426,12.524530013005734,7,1644,2,569,1518,2
427,11.599185726610004,4,907,1,352,907,1
428,12.182809136284991,7,1208,2,628,1208,2
429,12.07254696717504,6,1412,2,576,1392,2
432,11.715874472198905,5,1365,2,440,765,1
433,12.10625783509458,6,1604,2,470,926,2
435,12.264346270624157,7,1661,2,550,799,2
436,11.661354090741,6,1118,2,440,648,1
437,11.686887175419702,6,904,1,180,884,1
438,11.411457364027745,5,694,1,352,440,1
439,11.608244735642321,6,1196,2,528,684,1
441,11.678448377988165,4,1440,0,0,1440,2
442,12.000897933306716,5,1573,2,360,1078,2
443,12.058158312538197,7,1258,3,648,1258,2
444,12.25486757159303,7,1908,2,493,915,2
445,11.755879486687116,6,1689,2,480,1436,1
446,12.154784614286667,6,1888,2,578,1517,2
447,12.20557752297723,7,1886,2,431,930,2
448,11.691080018519527,6,1376,1,198,780,2
449,11.695255355062795,3,1183,1,308,649,1
450,11.608244735642321,6,813,1,270,813,1
451,12.54254845357358,7,1533,2,576,1533,2
452,12.225880174775122,6,1756,2,422,872,2
453,12.25486757159303,8,1590,2,676,768,2
454,12.144202560946876,5,1728,2,560,1728,2
455,12.075400019877522,7,1242,2,528,1242,1
456,11.49273296168228,5,1344,3,513,624,1
457,12.45293662970407,4,1663,2,529,1364,1
458,11.989165855127435,8,1666,1,228,588,1
459,11.608244735642321,5,1203,1,352,709,1
460,12.481565733211923,8,1935,2,552,832,2
461,11.951186847493476,7,1135,2,576,560,1
463,12.147919030759663,6,1660,1,240,715,1
464,11.728044909070785,5,1040,0,0,1040,2
465,12.093693109638318,7,1414,2,398,1375,2
466,12.025755079404917,7,1277,2,526,1277,1
467,11.89478753335453,5,1644,1,312,728,1
468,12.429220196836383,8,1634,3,866,1626,2
469,12.138869243416009,6,1710,2,506,832,2
470,12.264346270624157,8,1502,2,528,1488,1
471,12.154784614286667,7,1969,2,534,808,2
472,11.904974309480183,6,1072,2,525,547,1
474,12.433212202169729,8,1652,2,499,1494,2
475,11.794345471549745,5,970,2,624,970,1
476,12.249615734512616,6,1493,2,508,1478,2
478,12.601490784782536,8,1718,3,826,1705,2
479,11.401681006153428,4,1131,2,672,907,1
480,12.694655727828803,9,1850,3,772,1833,2
482,11.951186847493476,7,1826,1,164,910,1
483,12.00762780434872,6,1216,2,402,1216,2
484,11.794345471549745,5,999,1,264,999,1
485,11.898194668458823,5,1113,1,264,1113,1
486,11.957617696467539,5,1073,2,515,1073,1
487,12.07254696717504,5,1484,2,487,1484,2
488,11.982935344196433,5,2414,2,520,954,2
490,11.652696102959753,5,1304,1,336,264,1
491,11.798111925972618,6,1578,1,240,806,1
492,12.059809113551397,6,1456,2,429,728,2
493,11.951186847493476,5,1269,1,308,1269,1
494,11.421917019425596,5,886,1,273,190,1
497,12.122696471358964,7,1820,1,240,1026,2
498,11.775297421715827,5,899,1,288,864,1
499,11.695255355062795,5,912,1,297,912,1
500,11.635151947212842,6,1218,1,264,672,1
501,12.331387247601905,7,1768,2,603,866,2
502,11.849404844423074,5,1214,2,461,1214,1
503,12.574185427296195,7,1801,2,484,1501,2
504,11.898194668458823,6,1322,2,440,855,2
505,11.732069026983156,5,1960,2,400,960,2
506,12.278397958261774,8,1911,2,471,777,2
507,12.246739428005663,6,1218,2,676,1218,2
508,11.989165855127435,7,1378,2,360,689,2
509,11.732069026983156,5,1041,1,270,1041,1
510,12.013100572810686,5,1363,1,288,1008,1
511,12.2193145828011,7,1368,2,474,1368,2
512,11.774527900858468,5,864,2,624,864,1
513,11.80560254159177,6,1080,2,484,1084,1
514,11.477308649967686,5,789,1,200,768,1
516,11.970356641102999,6,2119,2,583,689,2
517,12.487488878546145,7,2344,3,889,1264,2
518,12.259618151783465,6,1796,2,546,794,2
519,12.36308066783498,7,2080,1,282,1276,1
520,11.573559498507079,4,1294,0,0,0,2
521,11.918397239722838,6,1244,1,336,1244,1
522,11.976665770490767,6,1664,2,420,1004,2
523,12.126764251515691,10,4676,3,884,3138,3
524,12.662709207270272,7,2398,3,834,1379,2
525,12.07824495582233,7,1266,2,453,1257,2
526,11.790564777297387,5,928,1,252,928,1
529,12.209192772866418,6,2515,2,484,2035,3
530,12.07254696717504,6,1509,2,600,1461,2
531,11.759793355371237,6,1362,2,502,611,2
532,11.58525542883217,5,827,1,392,0,1
534,12.08954444723597,8,1414,2,403,707,2
535,11.58525542883217,5,1347,0,0,1117,1
536,12.144202560946876,7,1724,2,527,880,2
537,11.619544188752133,4,864,2,576,864,1
538,11.970356641102999,5,1159,1,336,1051,1
539,12.513561021741964,8,1601,2,670,1581,2
540,12.660331092405906,9,1838,3,765,1838,2
541,12.421188057397055,8,2285,3,648,969,2
542,12.270225154674701,7,1680,2,583,1650,2
543,11.798111925972618,7,767,1,367,723,1
544,12.098854850641,7,1496,2,426,654,2
545,12.34148164933907,7,2183,3,786,1204,2
546,12.25486757159303,6,1635,2,440,1065,1
547,11.771443882099637,5,768,2,624,768,1
548,11.736077016252437,5,825,2,720,825,1
549,12.479913113434042,7,2094,2,615,912,2
550,11.849404844423074,6,1069,2,440,1069,2
551,11.630717389475995,5,928,1,288,928,1
552,12.450981602512561,8,1717,3,908,1709,2
553,11.58989576532275,4,1126,2,520,0,2
554,12.556733038263905,7,2046,3,871,998,2
555,11.635151947212842,5,1048,1,280,993,1
556,11.856522261533737,5,1092,1,299,1092,1
557,11.58989576532275,4,1336,1,570,637,1
558,12.07254696717504,7,1446,2,406,729,2
559,12.36308066783498,7,1557,2,420,1374,2
560,11.707677772181546,5,1392,2,528,1392,1
561,12.04355959836804,5,1389,2,418,1389,1
562,11.58989576532275,5,996,0,0,996,1
563,12.128116509451258,6,1674,2,396,1163,2
564,12.498745990829315,7,2295,2,590,1095,2
565,11.759793355371237,6,1647,1,216,806,1
566,12.691583538230217,9,2504,3,656,1122,2
567,12.273735966890268,7,1535,2,532,1517,2
568,12.665397584983758,8,2132,2,612,1496,1
569,11.820123358887447,5,943,2,600,943,1
570,11.867805799560465,5,1728,2,576,1728,2
571,11.695255355062795,6,864,1,288,864,1
572,12.32163544049751,7,1692,2,650,846,2
573,12.04355959836804,7,1430,2,400,384,2
574,11.842236406331555,5,1109,1,288,372,1
575,11.682676678340282,5,1216,1,336,832,1
576,11.884495917930655,7,1477,1,216,861,2
577,12.010671928196443,5,1320,2,564,1164,1
578,11.891368749982085,7,1392,2,540,689,2
579,11.78676973513378,5,1795,1,352,1050,2
580,12.111217862017215,6,1429,2,572,1144,1
581,12.442306148381938,8,2042,3,1390,2042,2
582,11.682676678340282,6,816,0,0,816,1
583,12.691583538230217,10,2775,2,880,1237,3
584,11.798111925972618,4,1573,1,240,884,1
586,11.775297421715827,6,838,1,275,816,1
587,11.827743504053695,5,860,2,528,840,1
588,11.870606902224587,5,1473,1,452,1437,1
590,12.132969552931216,7,1582,2,520,770,2
592,11.835016210489899,5,816,2,816,816,1
593,11.849404844423074,6,848,2,420,848,1
594,11.608244735642321,5,924,1,280,924,1
595,12.672949516558306,8,1826,3,758,1814,2
596,11.648373769145277,6,1368,1,216,684,1
597,12.176654133447505,7,1402,3,648,1258,0
598,12.289958727201455,5,1647,2,621,1430,2
599,11.92504173829169,6,1556,2,452,716,2
600,12.524530013005734,8,1904,2,736,1058,2
601,11.856522261533737,6,1375,1,544,780,1
602,12.301387370778713,8,1915,2,506,908,2
603,11.92504173829169,7,1200,2,480,600,2
604,12.30592250537653,7,1494,2,530,1494,2
605,12.230770136157428,7,1986,2,486,768,2
606,11.931642378754141,5,1040,2,576,1040,1
607,12.323860125621126,5,2008,1,230,896,3
609,11.682676678340282,4,1029,1,261,1029,1
610,12.653961664405365,9,2153,3,736,1440,2
611,11.904974309480183,6,1032,2,564,1032,2
612,12.474193386571581,8,1872,2,531,1299,2
613,11.898194668458823,5,1120,0,0,1120,1
615,11.83138646878959,6,1054,2,480,936,1
616,12.118339189722553,6,1509,2,393,783,2
617,11.566475710526321,6,832,2,528,832,1
618,12.659737267217572,9,1828,3,774,1822,2
619,12.628070334272698,8,2262,3,749,1482,2
621,12.388398368982115,6,2614,2,624,1522,2
622,11.813037464800539,5,980,2,484,980,1
623,12.034696963475044,6,1512,2,440,756,2
624,12.014615485902027,6,1790,2,484,732,1
625,11.982935344196433,6,1116,2,440,1116,1
626,11.848690308590857,5,1422,1,286,978,1
627,11.938199736300925,6,1520,1,364,1156,1
628,11.813037464800539,5,2080,2,504,1040,1
629,12.034696963475044,6,1350,2,520,1248,1
630,11.728044909070785,5,1750,1,240,636,1
631,12.252483791602627,8,1554,2,627,1554,2
633,11.845109950883979,5,1056,1,260,1056,1
634,11.87757552297847,6,1056,2,576,1056,0
635,12.206077645517674,6,3395,0,0,1440,2
637,11.440365524765756,5,1387,1,256,811,2
639,12.485830907348902,8,1567,3,648,1520,2
640,12.520887034998584,8,1518,2,588,1518,1
641,12.328294703023394,7,1929,2,650,1057,2
643,11.931642378754141,5,1620,2,462,780,2
645,11.872353615355413,6,981,2,576,981,1
646,11.495789479023493,5,1048,2,420,0,1
647,11.951186847493476,6,1094,2,495,1094,1
648,11.951186847493476,6,1839,2,442,756,1
650,12.235393555399902,7,1665,2,562,813,2
651,11.58989576532275,4,1510,1,296,755,1
652,12.160033942617156,7,1716,2,512,880,2
653,11.813037464800539,6,1469,1,216,756,1
656,11.8879382384223,5,1053,1,312,1053,1
657,11.91170829631447,7,1502,1,270,776,1
658,11.487617913343598,6,1458,1,330,912,1
659,12.025755079404917,5,1486,2,480,1486,1
660,12.19552218463499,7,1935,2,550,793,2
662,11.608244735642321,6,1392,2,576,1392,1
663,11.83138646878959,4,1181,2,588,1138,2
665,12.348010479804223,8,1936,2,504,1406,2
666,11.767575435251748,6,2380,2,596,1021,2
667,12.173037959397275,6,1679,2,575,1408,2
668,12.031725210748633,5,1437,2,576,1188,1
669,11.83138646878959,4,1180,1,252,700,1
670,12.063938642041201,6,1476,2,540,738,2
671,11.548302261270587,6,1369,1,300,672,2
672,12.013706813470414,6,1208,2,546,1208,1
673,12.458778882573533,6,1839,2,416,1477,2
674,11.849404844423074,6,1136,1,384,1136,1
675,11.908346971208951,6,1441,2,440,855,2
677,11.603688960617083,5,792,1,240,768,1
679,11.763691965388299,5,988,2,572,988,1
680,11.870606902224587,6,923,1,264,923,2
681,11.979391594635791,5,1520,1,281,793,1
682,12.06105265381003,6,1291,2,431,1291,1
683,12.560247968016562,9,1668,3,702,1626,2
684,12.30592250537653,7,1839,2,486,1195,2
685,12.242891437918386,7,2090,2,577,1190,2
686,12.336556900342153,7,1761,2,578,874,3
687,11.910365121788654,7,1102,2,480,551,2
689,12.179220327453931,6,1362,2,460,1362,2
690,11.856522261533737,6,848,2,420,848,1
693,11.59433032142082,5,1073,1,326,1073,1
694,11.860062063178267,5,1539,2,576,927,1
695,12.07824495582233,6,1137,2,551,1112,2
696,11.39640288460621,5,616,1,205,616,1
697,11.724004532183379,5,1148,1,308,980,1
698,11.83863282480007,5,894,1,336,894,1
699,12.185875040240456,7,1391,2,530,1391,2
700,12.652362948153474,8,1800,3,765,1800,2
701,11.849404844423074,7,1164,2,528,1164,1
703,11.849404844423074,5,1812,2,672,360,2
704,12.269052139516223,7,1484,2,606,1473,2
706,12.618185607609803,7,1824,2,739,1643,2
707,12.445093483000798,8,1324,2,550,1324,2
708,12.09815887308463,7,1456,2,400,728,2
709,11.60733523953139,5,904,1,408,876,1
711,11.54031687156214,4,1178,1,384,859,1
712,12.149507585033072,8,1228,2,472,1228,2
713,11.767575435251748,4,960,2,576,960,1
714,11.779136168550774,6,1479,2,475,725,2
715,12.013706813470414,6,1350,2,478,1064,2
716,11.979805470779858,7,2554,2,704,718,1
717,11.964007453736912,5,1178,2,439,1176,1
719,11.763691965388299,5,971,1,300,971,1
720,12.524530013005734,8,1742,2,564,1742,2
721,11.870606902224587,6,848,2,420,848,1
722,11.732069026983156,4,864,2,463,864,1
723,11.813037464800539,4,1470,1,548,941,2
724,12.676079399771027,9,1698,3,768,1698,2
725,11.699413330633599,4,864,2,660,864,1
726,12.310437165348775,6,1680,2,540,880,2
727,12.178192583415596,7,1232,2,632,1232,2
728,11.608244735642321,5,1776,3,888,1584,2
729,11.542493975902508,4,1208,2,539,780,1
730,12.373707715234994,8,1616,2,608,1595,2
731,12.141539457711714,7,1146,2,438,868,2
732,12.312686874960354,7,2031,2,541,1153,2
733,11.786008995353765,5,1144,1,264,864,1
734,11.58989576532275,5,948,1,300,948,1
735,12.001511614739405,7,1768,2,320,880,1
736,11.445727410406752,3,1040,2,400,0,2
737,12.3879816172226,8,1801,3,800,893,2
738,12.095146671399466,5,1200,0,0,1200,3
739,12.154784614286667,7,1728,2,572,864,2
740,11.790564777297387,5,1432,2,360,264,2
741,11.863589378812122,6,912,1,288,912,1
742,12.095146671399466,7,1349,2,539,1349,2
743,12.07254696717504,5,1464,2,480,520,2
744,12.100717685412471,8,1337,2,462,1337,2
745,12.61087420020211,8,2715,2,831,1142,3
746,12.371591321286905,7,2256,2,554,952,2
747,12.491176396967154,7,2640,4,864,1240,1
748,12.469978029554953,7,1720,2,527,1720,2
749,11.49273296168228,4,1529,1,240,0,2
750,11.477308649967686,4,1140,0,0,576,1
751,11.995357787034976,7,1320,2,400,660,2
752,12.28765724080691,6,1494,2,576,1479,2
753,12.526346537332584,8,2098,3,878,1030,2
754,11.957617696467539,6,1026,2,440,1026,1
755,12.058158312538197,6,1471,2,440,729,2
756,12.264346270624157,8,1768,2,578,866,2
757,11.97603664577121,6,1386,2,440,672,2
758,12.097378802727306,7,1501,2,440,744,2
759,12.577639650232573,8,2531,3,752,1318,2
760,11.755879486687116,6,864,1,300,864,1
761,11.51293546492023,5,1301,2,440,1145,1
762,12.279327754099118,7,1547,2,614,756,2
764,12.506180941677357,8,1494,2,481,1494,1
765,12.484208043148733,9,1506,2,592,1498,2
766,12.188422799337028,7,1714,2,496,980,2
767,11.982935344196433,6,1750,1,423,983,2
768,12.28690580994122,7,1836,2,484,1860,2
770,11.812296455066814,5,858,2,576,858,1
771,11.532737896139919,4,1220,2,396,836,1
772,11.580593459194764,6,1117,2,672,1029,1
773,11.648338835562747,5,912,1,275,912,1
775,11.995357787034976,6,1204,2,412,1204,2
776,12.308182383129823,7,1614,3,865,1614,2
777,11.86710429621008,5,894,2,440,864,1
778,11.87757552297847,5,2020,2,630,0,2
779,11.813037464800539,6,1004,2,504,975,1
780,12.07824495582233,7,1253,2,402,1237,2
781,12.077676615757813,6,1603,2,484,761,2
782,12.139403856983334,7,1430,2,605,1413,2
783,12.016732516077072,5,1110,2,602,1097,1
784,11.759793355371237,6,1484,0,0,742,2
785,11.992266613576142,6,1342,2,457,1372,2
786,11.842236406331555,5,1652,1,416,686,2
787,12.358798024384122,7,2084,2,618,956,2
788,11.588969419043872,4,901,1,281,901,1
789,12.141539457711714,6,2087,2,444,832,2
790,11.984184555794167,7,1145,2,397,1145,2
791,11.896833207128452,6,1062,2,539,1029,1
792,12.505402864156405,7,2013,2,455,1117,2
793,12.323860125621126,8,1496,2,474,1496,2
794,12.178192583415596,7,1895,2,409,712,2
795,12.049424683420915,6,1564,2,476,650,2
796,11.874097282798648,6,1285,2,528,660,1
797,11.608244735642321,5,773,1,240,773,1
799,12.07254696717504,5,1768,1,240,731,1
800,12.206077645517674,6,1688,2,603,616,2
801,11.60733523953139,4,1196,2,440,1196,1
802,12.149507585033072,7,1456,2,410,728,2
804,11.678448377988165,5,1128,1,286,936,1
805,12.335700805443338,7,1428,2,554,1417,2
806,11.816734299348461,5,980,1,384,980,2
807,12.317171167298682,5,1576,2,528,1324,1
808,11.982622797311857,5,1086,2,484,1024,1
809,11.571203807011969,5,2138,2,360,849,2
810,12.10625783509458,6,1309,2,484,1040,1
811,11.881041706925902,6,848,2,420,848,1
813,11.969723533345908,6,1442,1,301,1442,1
814,11.661354090741,5,1250,1,280,686,1
815,12.323415584358154,7,1661,2,598,1649,2
816,11.827743504053695,5,1008,1,275,1008,1
817,12.509877789891931,8,1689,3,857,1568,2
818,11.951186847493476,6,1052,2,440,1010,1
819,12.319405795112926,7,1358,2,484,1358,2
820,12.117246896289503,7,1640,2,595,798,2
821,11.440365524765756,4,936,2,576,936,1
822,12.323860125621126,7,1733,2,433,847,2
823,11.845827048676645,6,1489,1,240,778,2
824,12.357079818283598,8,1489,2,776,1489,2
826,11.603688960617083,5,784,0,0,784,1
827,12.149507585033072,7,1434,2,527,1454,2
828,12.128116509451258,5,2126,2,538,1013,2
829,11.900912042974875,7,1223,2,480,600,2
830,12.019749091416921,6,1392,2,458,1392,1
831,11.92504173829169,7,1200,2,480,600,2
832,12.37581963951765,7,1829,2,613,941,2
833,12.025755079404917,6,1516,2,472,1516,1
834,11.849047640327147,5,1144,2,456,1144,1
835,11.759793355371237,4,1067,2,436,1067,2
836,11.941462360646149,5,1559,2,812,1559,1
837,11.51293546492023,6,987,1,264,483,1
838,11.87757552297847,5,1099,1,352,1099,1
839,11.779136168550774,5,1200,1,240,768,1
840,11.849404844423074,6,1482,1,400,672,2
841,11.967187086434018,5,1539,2,686,650,2
842,12.071975378543236,6,1165,2,490,1127,1
843,11.856522261533737,5,1800,0,0,1800,2
844,11.944064817531656,5,1416,3,720,876,1
845,12.049424683420915,5,1701,2,611,1390,2
846,12.269052139516223,7,1775,2,425,740,2
847,11.80186424743109,5,864,1,338,864,1
848,12.388398368982115,6,2358,2,360,907,3
849,12.138869243416009,6,1855,2,512,528,2
850,11.78676973513378,6,848,2,420,848,1
851,12.278397958261774,8,1456,2,400,1273,2
852,12.00762780434872,7,1646,1,240,918,2
853,11.970356641102999,6,1445,2,645,1127,1
854,12.04355959836804,5,1779,2,454,1763,1
855,11.751950239425476,5,1040,1,260,1040,1
856,11.898194668458823,6,1026,2,576,940,1
857,12.066816325306588,6,1481,2,343,702,2
858,11.931642378754141,7,1370,2,479,1090,2
859,12.429220196836383,6,2654,2,619,1054,2
860,12.154521423145216,7,1426,1,216,912,1
861,11.78676973513378,5,1039,2,504,1039,1
862,11.931642378754141,6,1097,2,480,1040,2
863,11.794345471549745,5,1148,1,672,1148,1
864,12.43153750053306,7,1372,2,529,1372,2
865,11.908346971208951,5,1002,2,902,1002,1
866,12.424810506025395,8,1646,3,870,1638,2
867,11.767575435251748,4,1120,2,544,1040,1
868,12.037659911047468,5,2320,2,672,0,2
869,12.371591321286905,7,1949,2,574,1050,2
870,11.603688960617083,5,894,1,308,894,1
871,12.208574513247495,6,1682,2,523,804,2
872,11.661354090741,5,910,2,414,105,1
873,11.798111925972618,5,1268,1,288,832,1
875,12.623064399210183,8,2610,2,550,1184,2
876,11.792456911128632,4,1040,2,648,1064,1
878,11.904974309480183,5,1155,2,576,1109,1
879,11.824087219587643,5,864,1,336,864,1
880,11.964007453736912,5,1090,2,450,1090,1
881,12.141539457711714,7,1717,2,400,1156,2
882,12.08954444723597,6,1593,2,389,808,2
883,11.682676678340282,4,2230,1,440,795,1
884,11.51293546492023,5,892,1,288,892,1
886,11.884495917930655,5,1712,2,588,1626,2
887,11.816734299348461,5,1393,1,300,816,1
888,12.498745990829315,8,2217,2,621,2217,2
889,11.915058360753719,6,1505,2,505,1505,1
890,11.719134432217524,5,924,2,576,672,1
891,12.058158312538197,6,1683,2,440,918,2
892,11.947955847790901,6,1068,1,264,1059,1
893,12.013706813470414,5,1383,1,354,1383,1
894,11.685693195625964,5,1535,2,400,0,2
895,11.849404844423074,6,1796,2,483,780,1
896,11.575909653758895,4,951,1,327,951,1
897,11.870278179170796,5,2240,2,528,0,2
899,11.813037464800539,5,1236,1,288,912,1
900,11.608244735642321,4,858,1,684,858,1
901,11.938199736300925,5,1306,1,756,992,1
902,12.100717685412471,7,1509,2,393,783,2
903,12.388398368982115,7,1670,3,690,1670,2
904,11.74006900564972,5,902,1,288,876,1
905,11.759793355371237,5,1063,1,280,1056,1
906,12.449022745701502,8,1636,3,865,1623,2
907,12.429220196836383,7,2057,1,180,1017,1
908,11.782960235741939,5,902,2,484,864,1
909,12.066816325306588,6,1484,2,390,742,2
910,11.946660519211651,5,2274,2,480,1105,2
911,11.874097282798648,5,1268,1,252,1268,1
913,11.884495917930655,5,2002,3,871,1001,2
914,12.065280672855897,6,1224,2,528,612,2
917,11.813037464800539,4,1229,1,284,1134,1
918,12.380030154325457,7,2127,3,833,1104,2
919,12.081081821061819,6,1414,2,601,1184,1
920,12.211065162153215,6,1721,2,471,928,2
921,11.890683588496984,5,2200,0,0,1272,2
922,12.043500773454495,6,1316,2,397,1316,2
923,12.170450649220749,6,1617,2,533,1604,2
924,12.242891437918386,6,1686,2,612,1686,2
925,12.07254696717504,5,1126,2,540,1126,2
926,12.560247968016562,8,2374,3,656,1181,2
927,12.07824495582233,7,1978,2,486,832,2
928,12.373707715234994,8,1788,2,522,1753,2
929,12.310437165348775,7,2236,2,642,964,2
930,12.211065162153215,8,1466,3,610,1466,2
931,11.674202123168433,5,925,1,429,925,1
932,12.676079399771027,9,1905,3,788,1905,2
933,12.154784614286667,7,1500,2,570,1500,2
934,12.396697137361691,7,2069,2,505,585,2
936,12.127575825689417,7,1200,2,555,1176,2
937,12.441148720271016,7,1971,2,689,1113,2
938,12.387560521575551,7,1962,3,868,1391,2
939,12.406565597924235,7,2403,1,349,1032,2
940,11.924379271639218,6,1728,2,574,1728,2
941,12.273735966890268,7,2060,2,390,992,2
942,11.918397239722838,4,1440,0,0,1440,2
943,11.870606902224587,5,1632,2,576,1632,2
944,11.83138646878959,6,1344,2,525,819,1
945,11.735276702486741,5,1869,2,456,1088,1
946,11.870606902224587,5,1144,1,796,1144,1
947,12.506180941677357,8,1629,3,808,1616,2
948,12.167856627501678,7,1776,2,474,936,2
949,12.193498926601634,6,1381,2,676,1161,1
950,11.767575435251748,5,864,2,720,864,1
951,11.694421681264394,5,965,1,300,828,1
952,11.804855999911272,5,768,1,396,768,1
953,12.055255569732177,5,1968,2,530,784,2
954,11.755879486687116,6,980,0,0,945,2
955,11.884495917930655,6,1958,2,492,979,2
956,11.728044909070785,6,1229,2,462,561,1
957,11.790564777297387,5,1057,2,576,1057,1
958,12.128116509451258,7,1337,2,531,1337,2
959,11.951186847493476,7,1416,2,484,696,2
960,11.665655135642039,5,858,0,0,858,1
961,12.513561021741964,6,2872,2,619,1330,2
962,11.951186847493476,6,1548,2,440,804,2
963,12.384223015005313,9,1800,2,702,1800,2
964,12.277932735946903,7,1894,2,510,817,2
965,12.094587859196112,6,1484,2,393,783,2
966,11.982935344196433,5,1308,1,256,728,1
967,11.813037464800539,5,1098,1,260,1098,1
969,11.849404844423074,6,1095,1,264,588,1
970,11.813037464800539,4,1192,0,0,720,1
971,12.06105265381003,7,1626,2,474,764,2
972,11.507922973347437,6,918,1,264,918,2
973,12.111767460549332,7,1428,2,480,1428,2
974,12.02874460037869,7,2019,2,532,728,1
975,12.013706813470414,7,1382,2,490,673,2
977,12.20557752297723,7,1241,2,569,1241,1
978,11.608244735642321,4,894,2,400,894,1
979,11.842236406331555,5,1121,2,480,1121,1
980,12.091789104493502,7,999,2,588,944,1
982,11.982278882874377,7,1266,2,388,1266,2
983,12.45254592991672,8,2290,2,779,1128,2
984,11.744045122410057,5,1734,2,539,0,2
985,11.736077016252437,5,1164,1,240,1164,1
986,11.669937760751914,6,1635,1,255,485,1
988,12.180759965737863,6,2030,2,551,848,2
989,12.190964083849375,7,1576,2,614,770,2
991,12.031725210748633,8,1742,2,424,916,1
992,12.138869243416009,6,1851,2,440,822,2
993,12.066241450757124,6,1500,2,564,750,2
995,11.7085004721646,4,1230,1,305,747,1
996,11.824087219587643,5,1050,1,368,1050,1
997,12.128116509451258,6,1442,2,615,1442,2
998,11.418625774449598,3,1077,1,210,1007,1
999,12.235636302128867,7,1208,2,632,1187,2
1002,12.354496960983985,8,1574,3,824,1574,2
1003,11.827049837927534,5,1680,2,528,1680,2
1004,12.10625783509458,7,1504,2,457,1346,2
1005,11.917730355182513,5,985,1,328,985,2
1006,12.004574385508691,6,1657,2,484,1657,2
1008,12.388398368982115,7,1710,2,550,1710,2
1009,11.532737896139919,5,1522,0,0,1008,2
1010,11.813037464800539,5,1271,1,312,720,2
1011,11.51293546492023,5,1664,0,0,0,2
1012,12.013706813470414,6,1502,1,180,602,1
1014,11.688566422839942,6,1082,1,240,1082,1
1015,12.33270970174018,8,1665,2,528,810,2
1016,12.220966184120165,7,1504,2,478,1504,2
1017,12.141539457711714,8,1360,2,565,1220,1
1018,11.982935344196433,7,1472,2,402,384,2
1019,12.271349956195543,7,1506,2,440,1362,2
1020,12.07824495582233,4,1132,2,451,1132,1
1021,12.175618592671356,7,1220,2,632,1199,2
1023,12.160033942617156,7,1504,2,437,1346,2
1024,12.567240979056246,8,2898,2,665,1565,2
1025,11.630717389475995,5,882,2,461,882,1
1026,12.02874460037869,5,1264,2,461,1268,1
1027,12.588194064175278,8,1646,3,800,1638,2
1028,11.561725152903833,5,1376,1,240,768,1
1029,11.678448377988165,6,1218,1,264,672,1
1030,11.982935344196433,5,1928,0,0,686,2
1031,12.190964083849375,7,3082,2,672,824,2
1032,12.644330802262578,8,2520,3,796,1338,2
1033,12.345838935721968,7,1654,3,900,1654,2
1034,11.693169865968983,5,954,1,240,920,1
1036,12.66191713053049,9,1620,3,912,1620,2
1037,12.567240979056246,8,2263,2,905,1055,2
1038,11.48247656671073,4,1344,0,0,546,1
1040,11.951186847493476,5,1803,2,484,1134,2
1041,12.06105265381003,6,1632,2,484,800,1
1042,12.185875040240456,6,1306,2,624,1306,2
1043,12.47717172708952,7,2329,2,514,1475,2
1044,12.535379989788607,8,2524,2,542,2524,2
1045,11.846543632608535,3,1733,2,452,0,2
1047,11.884495917930655,5,990,2,672,990,1
1048,11.652696102959753,5,1771,2,336,0,1
1050,12.080996832096167,7,1302,2,436,1302,2
1051,12.206782393599413,7,1316,2,440,1316,2
1052,12.013706813470414,6,1977,2,540,816,1
1053,11.881041706925902,5,1526,1,364,1216,1
1054,12.449022745701502,8,1989,2,586,1065,2
1055,12.100717685412471,6,1523,2,478,1193,2
1056,12.13270055639427,7,1364,2,484,1364,2
1057,12.421188057397055,7,1850,2,467,973,2
1059,12.301387370778713,6,1991,2,432,854,1
1060,12.271396795480596,8,1338,2,582,1338,2
1062,11.407576060361786,5,2337,2,560,662,2
1063,11.612779849672751,6,1103,2,440,1103,1
1064,11.944714374881176,5,1154,2,480,1154,1
1066,12.08954444723597,6,1571,2,380,799,2
1067,12.031129798974042,6,1611,2,442,780,1
1068,11.927687224983487,6,2521,2,576,942,2
1069,11.813037464800539,5,893,2,576,845,1
1070,11.813037464800539,5,1048,1,286,1048,1
1071,11.944714374881176,6,1556,2,441,727,1
1072,11.424105180165641,5,1456,1,280,810,1
1073,11.979805470779858,6,1426,2,440,690,1
1074,12.175618592671356,7,1240,3,826,1240,2
1075,12.299112067295642,7,1740,1,240,800,1
1076,12.04355959836804,5,1466,2,566,796,2
1077,11.840796531639839,5,1096,1,299,1096,1
1078,11.956976469393481,6,848,2,420,848,1
1079,11.744045122410057,5,990,1,299,990,1
1080,11.884495917930655,6,1258,2,528,1258,2
1081,11.798111925972618,5,1040,1,308,1040,1
1082,12.165255859329688,7,1459,2,527,1459,2
1083,11.982935344196433,6,1251,1,461,1251,1
1084,12.141539457711714,6,1498,2,409,691,2
1085,11.898194668458823,6,996,2,564,936,1
1087,12.437188334739655,8,1953,3,1043,1082,2
1088,11.83138646878959,7,1709,2,380,970,2
1089,12.190964083849375,8,1247,2,550,1247,1
1090,11.439289689006644,3,1040,2,400,0,2
1091,11.982935344196433,7,1252,2,462,600,2
1092,11.824087219587643,6,1694,2,576,1181,2
1093,11.891368749982085,5,1200,2,884,864,1
1094,11.767575435251748,5,936,1,308,936,1
1095,12.080696479888447,6,1314,2,440,1314,2
1096,11.751950239425476,6,1355,0,0,684,1
1097,12.04355959836804,8,1088,2,461,1074,1
1098,11.759793355371237,4,1324,1,240,672,1
1099,11.964007453736912,7,1601,2,478,1271,2
1101,11.691080018519527,5,950,1,280,950,1
1102,11.813037464800539,5,1134,1,254,1010,1
1103,11.979805470779858,6,1194,2,539,655,1
1104,11.571203807011969,5,1302,2,440,630,2
1105,12.691583538230217,8,2622,2,712,1463,2
1106,12.100161978566867,7,1442,2,719,910,2
1107,12.52352951631214,7,2021,2,422,868,2
1108,12.10625783509458,6,1690,2,463,924,2
1109,12.54254845357358,8,1836,3,862,1836,2
1110,12.144202560946876,6,1658,2,431,773,2
1111,12.230770136157428,7,1964,2,483,803,2
1112,11.774527900858468,5,816,1,308,816,1
1113,11.80932691294063,5,1008,1,240,1008,1
1114,11.669937760751914,5,833,1,326,833,1
1115,12.669809806411457,8,1734,3,928,1734,2
1116,12.123239799036943,8,1419,2,527,408,2
1117,11.775297421715827,5,894,2,450,894,1
1118,11.849404844423074,5,1601,1,300,533,1
1119,11.803361242493628,5,1040,1,286,1040,1
1120,11.681832447342321,6,1012,1,308,1012,1
1121,12.268582547911404,7,1552,3,782,1552,2
1122,11.626263078808801,4,960,1,288,672,1
1123,11.678448377988165,5,698,0,0,698,1
1124,12.007017865994577,7,1482,2,392,384,2
1125,11.652696102959753,4,1005,2,672,1005,1
1126,12.066816325306588,7,1555,3,660,1373,2
1127,12.464587201678082,7,1530,3,630,1530,2
1128,12.278397958261774,7,1959,2,434,847,2
1129,11.849404844423074,5,936,2,672,936,1
1130,11.813037464800539,4,1981,2,576,1122,2
1131,11.445727410406752,5,974,0,0,974,1
1132,11.674202123168433,6,2210,1,205,1008,2
1133,12.386312871189734,8,2020,2,466,1128,2
1134,12.037659911047468,6,1600,2,460,916,2
1135,11.532737896139919,6,986,1,180,960,1
1136,11.686887175419702,6,1252,1,288,1032,1
1137,11.451060699493427,5,1020,0,0,780,1
1138,12.185875040240456,6,1567,2,714,1567,2
1139,11.87757552297847,5,1167,2,495,915,1
1140,11.842236406331555,5,952,2,840,952,1
1141,12.193498926601634,5,1868,2,484,780,2
1145,11.91170829631447,5,1576,1,225,1042,1
1146,12.100717685412471,6,1298,2,403,1298,2
1147,12.069685751267224,7,1564,1,234,704,1
1148,11.669082701743504,7,1111,1,288,572,1
1149,11.870606902224587,7,1482,2,324,650,1
1150,11.728044909070785,6,932,1,306,932,1
1151,11.917730355182513,5,1466,2,528,1466,1
1152,12.345838935721968,6,1811,2,470,1073,1
1153,11.699413330633599,6,816,1,432,816,1
1154,12.215037342290755,7,1820,2,492,864,1
1155,12.292254928916668,5,1437,2,528,1437,2
1156,12.100161978566867,5,1265,2,502,1219,2
1157,12.345838935721968,7,1314,2,626,1314,2
1158,12.367889578686164,8,1580,3,830,1580,2
1159,12.128116509451258,6,1876,2,540,901,2
1160,11.891368749982085,6,1456,2,440,855,2
1161,12.319405795112926,6,1640,2,924,1296,1
1162,11.767575435251748,5,894,2,450,894,1
1163,11.59873612138334,4,1258,2,400,1198,0
1164,12.175618592671356,5,1432,2,588,1360,1
1165,12.359527368950229,7,1502,2,644,1502,2
1166,12.41044511731981,8,1694,3,776,1694,2
1167,12.06105265381003,6,1671,2,472,959,2
1168,12.367345048436391,6,2108,2,540,1127,2
1170,12.049424683420915,6,1118,1,358,1096,1
1171,12.001511614739405,6,1261,2,433,1261,1
1172,12.05467400868968,7,1250,2,625,625,2
1173,12.208574513247495,5,3086,0,0,1598,3
1174,12.384223015005313,6,2345,2,360,952,2
1175,12.560247968016562,8,2872,2,541,1683,2
1176,11.691080018519527,5,923,1,264,876,1
1177,11.652696102959753,6,1224,1,210,818,1
1178,11.950541482162043,5,1343,1,186,731,1
1179,11.440365524765756,5,1124,0,0,0,1
1180,12.429220196836383,7,2514,2,693,1216,2
1183,11.695255355062795,5,1130,2,720,1120,1
1184,12.137263685701864,5,1572,3,995,1572,1
1185,11.560772327227417,5,1221,1,392,784,1
1186,11.461642696843066,3,1699,2,420,978,2
1187,12.476103599529843,8,1624,3,757,1624,2
1188,12.180759965737863,7,1660,2,493,831,2
1189,12.149507585033072,7,1804,2,442,994,2
1190,12.031725210748633,4,1622,4,1356,1249,1
1191,12.066816325306588,8,1441,2,492,776,2
1192,11.736077016252437,5,1472,1,250,702,1
1193,12.013706813470414,6,1224,2,402,1224,2
1194,11.970356641102999,6,1352,1,299,663,1
1195,12.07824495582233,6,1456,2,400,728,2
1196,12.29779001527865,7,1863,3,660,879,2
1197,11.87757552297847,7,1690,1,225,815,1
1198,12.08954444723597,7,1212,2,573,1212,2
1199,11.904974309480183,4,1382,2,459,1051,1
1200,11.6617850286409,4,864,1,280,864,1
1201,12.19552218463499,7,1779,2,546,866,2
1202,11.669937760751914,5,1348,1,216,884,1
1203,12.269052139516223,7,1630,2,451,1630,2
1204,11.941462360646149,5,1074,2,495,1056,1
1205,12.513193308436527,7,2196,3,701,2158,2
1206,11.580593459194764,4,1056,1,384,1056,1
1207,12.206077645517674,6,1700,2,544,1682,2
1208,11.849404844423074,5,1283,2,506,931,1
1209,12.577639650232573,8,1660,2,500,1660,2
1210,12.149507585033072,6,1845,2,462,1055,2
1211,12.00762780434872,8,1752,2,492,559,2
1212,11.635151947212842,4,672,1,234,672,1
1213,11.884495917930655,4,960,1,364,648,0
1214,11.80932691294063,5,999,1,300,925,1
1215,11.736077016252437,5,894,1,384,894,1
1216,11.626263078808801,6,1902,2,539,0,2
1217,12.343470927093518,8,1314,2,552,1300,2
1219,11.424105180165641,6,1218,0,0,672,1
1220,11.652696102959753,5,912,1,288,912,1
1221,11.80560254159177,5,1211,1,322,952,1
1222,11.870606902224587,6,1846,1,315,1040,2
1223,11.834291315386718,5,2136,2,528,2136,2
1224,12.122696471358964,7,1490,2,388,788,2
1225,11.884495917930655,6,1138,1,264,588,1
1226,12.273735966890268,6,1933,3,668,894,2
1227,11.898194668458823,5,912,2,576,912,1
1229,11.751950239425476,5,1507,1,404,1075,2
1230,12.154784614286667,5,2620,2,600,1361,2
1231,11.794345471549745,5,1190,2,540,1106,1
1232,11.530775206233024,4,1224,2,462,0,2
1233,11.863589378812122,5,1188,2,531,1188,1
1234,11.775297421715827,5,1964,0,0,940,1
1235,11.841423131921784,5,1784,1,180,747,1
1236,12.075400019877522,7,1626,2,474,764,2
1237,12.180759965737863,7,1948,2,434,847,2
1238,11.86710429621008,6,1141,2,484,1141,1
1239,12.490879338036375,8,1484,2,472,1476,2
1240,12.323415584358154,7,1768,2,543,884,2
1241,12.42250975887691,7,1689,3,954,1689,2
1242,12.04355959836804,7,1173,2,528,1053,2
1244,12.345838935721968,8,1517,2,400,792,1
1245,12.08954444723597,6,1868,2,477,585,3
1246,12.136191879981927,7,1553,2,615,756,2
1247,12.042971193457888,6,1034,3,888,1012,1
1248,11.771443882099637,6,2058,2,396,735,1
1249,11.686887175419702,5,988,1,276,876,1
1250,12.404927602627597,7,2110,2,522,2110,2
1251,12.053801032483948,7,1405,2,478,1405,2
1252,11.775297421715827,5,874,1,288,864,1
1253,12.591338447675579,7,2167,2,518,1192,2
1254,12.016128107502665,7,1656,2,397,746,2
1255,11.755879486687116,6,1367,1,560,884,1
1256,12.616528611893463,8,1987,2,691,1986,2
1257,11.511934974596555,5,864,0,0,864,1
1258,12.154784614286667,7,1166,2,400,856,2
1259,11.92504173829169,6,1054,2,460,1054,1
1260,12.10625783509458,6,1675,2,502,841,2
1261,11.766799946849087,5,1050,1,338,1050,1
1262,11.992266613576142,4,1788,1,304,1104,1
1263,12.103491596905931,6,1824,2,520,764,1
1264,12.10625783509458,6,1337,2,511,1405,2
1265,12.12215284831553,7,1452,2,506,691,2
1266,11.711784520403112,7,1889,1,308,925,1
1269,11.87757552297847,5,1524,1,315,874,1
1270,12.468440756144114,7,1524,2,586,1332,0
1271,12.132162346145595,6,1489,2,462,1489,2
1272,11.827743504053695,5,935,1,288,935,1
1273,12.083910661257521,6,1357,1,312,1019,1
1274,11.842236406331555,5,1250,2,552,661,2
1275,11.827743504053695,5,1920,2,400,928,2
1276,11.995357787034976,6,1395,2,497,723,1
1277,12.19552218463499,6,1724,2,480,1680,1
1278,12.37581963951765,8,2031,2,577,1128,2
1280,12.33270970174018,7,1573,2,544,1573,2
1281,12.100717685412471,7,1339,2,484,1309,2
1282,11.921725007667265,5,1040,2,484,1040,2
1283,11.842236406331555,6,1824,0,0,912,2
1284,12.037659911047468,6,2447,1,336,804,2
1285,11.794345471549745,6,1412,1,280,780,1
1286,11.870606902224587,6,1328,2,528,1328,1
1287,12.154784614286667,5,1582,2,390,1624,2
1288,12.535379989788607,8,1659,2,499,1501,2
1289,12.546113507028412,8,1970,3,753,1085,2
1290,12.103491596905931,5,1152,2,484,1152,1
1291,11.691080018519527,5,1302,1,264,630,2
1292,11.58525542883217,5,2372,1,432,994,2
1293,12.000897933306716,7,1664,2,528,832,2
1294,11.652696102959753,5,864,2,572,864,1
1295,11.83863282480007,5,1052,1,288,1052,1
1296,11.951186847493476,5,1128,2,525,1120,2
1297,11.849404844423074,6,1072,2,525,547,2
1298,11.982935344196433,10,5642,2,1418,6110,2
1299,11.944714374881176,5,1246,1,305,1246,1
1300,12.323860125621126,7,1983,2,490,978,2
1301,12.086731521684555,6,1494,1,213,771,1
1302,12.577639650232573,8,2526,3,844,1165,2
1303,12.354496960983985,7,1616,3,834,1616,2
1304,11.775297421715827,7,1708,2,380,976,2
1305,12.691583538230217,9,1652,2,840,1652,2
1306,12.218500103788143,7,1368,2,474,1368,2
1307,11.835016210489899,5,990,2,480,990,1
1308,11.898194668458823,5,1122,2,528,924,1
1309,12.09626335986454,6,1294,2,496,1278,2
1311,12.220966184120165,7,1274,2,508,1274,2
1312,12.618185607609803,8,2810,2,750,1453,2
1314,11.686887175419702,4,948,1,280,948,1
1315,12.239995696974733,6,2112,2,576,952,2
1316,12.596403811053621,8,1630,3,860,1622,2
1317,12.249615734512616,7,1352,2,466,1352,2
1318,12.524530013005734,8,1787,3,748,1753,2
1319,11.6172944892629,4,948,1,248,864,1
1320,11.960817678718287,6,1478,2,442,1478,1
1322,12.154784614286667,7,1923,2,564,750,2
1324,11.898194668458823,8,1795,3,895,1795,2
1327,11.779136168550774,5,816,1,264,816,1
1328,12.45293662970407,6,2792,2,520,1510,2
1329,12.081081821061819,7,1632,2,462,935,2
1330,12.33270970174018,8,1588,3,825,1588,2
1331,11.794345471549745,5,954,2,576,911,1
1332,11.51293546492023,4,816,1,288,816,1
1333,11.74006900564972,5,1360,1,297,803,1
1334,11.736077016252437,5,1365,2,440,765,1
1335,12.031129798974042,6,1334,2,630,1350,2
1336,11.813037464800539,5,1656,2,506,1656,2
1338,12.206077645517674,7,1861,2,492,916,2
1339,11.763691965388299,5,864,1,288,864,1
1340,11.719947764402807,4,872,4,480,858,1
1341,11.951186847493476,6,1114,2,576,1114,1
1342,12.339295865674435,8,2169,2,647,1284,2
1343,12.083910661257521,6,1913,2,342,896,1
1344,11.95655945119582,7,1456,2,440,728,2
1345,11.59451466851004,4,960,1,308,960,1
1346,12.47801017053037,7,2156,2,508,1568,2
1347,12.554840409959793,8,1776,3,712,1732,2
1348,12.278397958261774,7,1494,2,514,1482,2
1349,11.711784520403112,8,2358,0,0,684,2
1350,12.206077645517674,5,2634,4,968,1248,2
1351,12.049424683420915,6,1716,2,490,858,1
1352,11.812296455066814,6,1176,2,624,698,1
1354,12.367345048436391,7,1865,3,839,992,2
1355,12.04355959836804,7,1920,2,487,570,3
1356,11.608244735642321,5,892,1,264,864,1
1357,11.917730355182513,5,1078,2,500,1078,1
1358,12.086731521684555,6,1573,2,440,756,2
1359,12.660331092405906,9,1980,3,770,1980,2
1360,12.149507585033072,5,2601,2,621,612,3
1361,12.468440756144114,7,1530,2,430,1530,2
1362,11.560772327227417,4,1738,1,368,715,2
1363,11.963574241653713,6,1412,2,432,616,2
1364,11.878630514504515,7,1200,2,480,600,2
1365,12.283038316285214,7,1674,2,663,814,2
1366,12.170450649220749,7,1790,2,588,873,2
1367,11.751950239425476,5,1475,1,336,757,2
1368,11.87757552297847,6,848,2,420,848,1
1369,12.354496960983985,8,1668,2,502,1657,2
1370,11.561725152903833,4,1374,1,338,840,1
1371,12.016732516077072,6,1661,1,377,992,1
1372,12.521981322562505,7,2097,2,583,1108,2
1374,12.429220196836383,7,1958,3,936,1026,2
1375,12.384223015005313,8,1571,3,722,1571,2
1376,11.418625774449598,6,790,1,160,768,1
1377,11.669937760751914,5,1604,2,660,984,2
1379,12.02874460037869,5,1394,2,400,384,2
1381,12.377927112974284,6,2117,2,550,1205,2
1382,11.964007453736912,7,1762,2,576,596,1
1383,11.626263078808801,5,1416,2,576,816,2
1384,11.561725152903833,6,1258,1,280,560,1
1385,11.74006900564972,4,1154,1,240,796,1
1386,12.429220196836383,7,2784,2,564,1392,3
1387,11.820417517632333,6,2526,1,216,714,2
1389,11.782960235741939,6,1218,2,440,735,1
1390,12.367345048436391,7,1525,2,541,1525,2
1391,11.728044909070785,5,1584,3,792,1584,2
1392,11.719947764402807,5,900,1,288,864,1
1393,12.001511614739405,6,1912,2,672,482,2
1394,12.415437707935368,7,1500,3,648,1356,2
1395,12.546871224308068,8,2482,3,642,1094,2
1396,11.982935344196433,5,1687,2,572,747,1
1397,11.83138646878959,5,1513,1,180,939,1
1398,11.835016210489899,5,1904,1,240,1208,1
1399,11.831022768939789,6,1608,1,216,976,2
1400,11.695255355062795,6,1158,1,208,862,1
1401,12.170450649220749,6,1593,2,398,839,2
1402,12.174994689959313,7,1294,2,662,1286,2
1403,12.552930054797935,8,1464,3,754,1485,2
1404,11.561725152903833,3,1214,3,936,672,1
1405,12.524530013005734,8,1646,2,482,1594,2
1406,11.798111925972618,5,768,2,396,768,1
1407,11.626263078808801,5,833,0,0,833,1
1408,11.74006900564972,4,1363,2,528,622,1
1409,12.278397958261774,7,2093,2,542,791,2
1410,12.345838935721968,7,1840,2,622,944,2
1411,11.849404844423074,6,1668,1,271,856,1
1412,11.407576060361786,4,1040,2,420,0,2
1413,12.456835254920371,8,1844,2,620,1844,2
1414,12.240478903153711,6,1848,2,370,833,1
1415,12.077676615757813,7,1569,3,660,1386,2
1416,11.715874472198905,4,2290,2,560,777,2
1418,11.728044909070785,5,1144,1,336,1144,1
1419,12.314931534737134,6,1844,2,540,1844,2
1420,12.100161978566867,6,1416,2,776,708,2
1421,11.755879486687116,6,1069,2,440,1069,2
1422,11.824087219587643,6,848,2,420,848,1
1423,12.524420916542532,6,2201,2,432,697,2
1424,11.87757552297847,5,1344,1,484,1024,1
1425,11.863589378812122,6,1252,2,528,1252,1
1426,12.509877789891931,7,2127,2,525,1223,2
1427,11.849404844423074,5,1558,1,288,913,1
1428,11.686887175419702,5,804,1,240,788,1
1429,12.116700301832573,6,1440,2,467,1440,2
1430,12.165984756488543,5,1838,2,372,732,2
1431,11.87583791515714,6,958,2,440,958,2
1433,12.136191879981927,6,1792,2,451,936,2
1434,11.982935344196433,5,1126,2,484,1126,2
1435,12.066816325306588,6,1537,2,462,1319,1
1436,11.699413330633599,4,864,2,528,864,1
1438,11.916395250412128,6,1236,2,923,912,1
1439,12.190964083849375,7,1725,2,550,539,2
1440,12.160033942617156,6,2555,2,672,588,2
1441,11.913719681428494,6,848,2,420,848,1
1442,12.644330802262578,10,2007,3,812,1017,2
1443,11.703554089007538,6,952,1,192,952,1
1444,12.098493002763465,7,1422,2,626,1422,2
1445,11.767575435251748,6,913,1,240,814,1
1446,11.969723533345908,5,1188,1,312,1188,1
1447,12.388398368982115,8,2090,2,556,1220,2
1448,11.626263078808801,4,1346,1,384,560,1
1449,11.429554725537322,5,630,0,0,630,1
1450,11.820417517632333,5,1792,0,0,896,2
1451,12.567554517655415,8,1578,3,840,1573,2
1452,11.884495917930655,5,1072,2,525,547,1
1454,12.128116509451258,7,1221,2,400,1221,2
1455,12.07254696717504,6,1647,2,460,953,2
1456,12.25486757159303,6,2073,2,500,1542,2
1457,12.493133274926212,7,2340,1,252,1152,2
1458,11.864469267087891,5,1078,1,240,1078,1
1459,11.901590234400047,5,1256,1,276,1256,1
